Sprache,Wiktionary,Wiki-K√ºrzel,Wikipedialink,DIN,ISO 639-1,ISO 639-2,ISO 639-3,Index
Abchasisch,- –ê“ß—Å—É–∞ - ‚Ä†,ab,de:Abchasische Sprache,ab,ab,abk,abk,
Afar,- Afar - ‚Ä†,aa,en:Afar language,aa,aa,aar,aar,
Afrikaans,Afrikaans (13.224),af,de:Afrikaans,af,af,afr,afr,Index
Akan,- Akana - ‚Ä†,ak,de:Akan (Sprachen),,ak,aka,aka,
Albanisch,Shqip (5892),sq,de:Albanische Sprache,sq,sq,alb/sqi,sqi,Index
Altenglisch (Angels√§chsisch),Englisc (2154),ang,de:Altenglische Sprache,,,ang,ang,Index
Altgriechisch,(·ºôŒªŒªŒ∑ŒΩŒπŒ∫·Ω¥ Œ≥Œª·ø∂œÑœÑŒ±),grc,de:Altgriechische Sprache,,,grc,grc,Index
Althochdeutsch,(thiudisk),goh,de:Althochdeutsch,,,goh,goh,Index
Altnordisch,(Norr√∂n),non,de:Altnordische Sprache,,,non,non,Index
Altslawisch (Kirchenslawisch),(—Å–ª–æ–≤–µ–Ω—å—Å–∫—ä),,de:Altkirchenslawisch,cu,cu,chu,chu,
Amharisch,·ä†·àõ·à≠·äõ (273),am,de:Amharische Sprache,am,am,amh,amh,
Arabisch,ÿßŸÑÿπÿ±ÿ®Ÿäÿ© ‚Äé(20.753),ar,de:Arabische Sprache,ar,ar,ara,ara,Index
Aragonesisch,Aragon√©s (557),an,de:Aragonesische Sprache,,an,arg,arg,Index
Aram√§isch,‹ê‹™‹°‹ù‹ê,arc,de:Aram√§ische Sprache,,,arc,arc,
Armenisch,’Ä’°’µ’•÷Ä’•’∂ (6590),hy,de:Armenische Sprache,hy,hy,arm/hye,hye,Index
Aromunisch,Arm√£neashce (35),roa-rup,de:Aromunische Sprache,,,(roa),rup,
Arpitanisch,(Arpitan),frp,de:Franko-Provenzalische Sprache,,,(roa),frp,
Aserbaidschanisch,Az…ôrbaycan (1621),az,de:Aserbaidschanische Sprache,az,az,aze,aze,Index
Assamesisch,- ‡¶Ö‡¶∏‡¶Æ‡ßÄ‡¶Ø‡¶º‡¶æ - ‚Ä†,as,de:Assami,as,as,asm,asm,
Asturisch,Asturianu (4225),ast,de:Asturische Sprache,,,ast,ast,
Atayal,,,en:Atayal language,,,(map),tay,
Avestisch,,,de:Avestisch,ae,ae,ave,ave,
Awarisch,- –ê–≤–∞—Ä - ‚Ä†,av,de:Awarische Sprache (Kaukasus),,av,ava,ava,
Aymara (Aimara),Aymar (36),ay,de:Aymara (Sprache),ay,ay,aym,aym,Index
Balinesisch,(Basa Bali),ban,de:Balinesische Sprache,,,ban,ban,Index
Belutschi,(Bal√∫ƒçi / ÿ®ŸÑŸà⁄Ü€å),bal,de:Belutschische Sprache,,,bal,bal,
Bambara,- Bamanankan - ‚Ä†,bm,de:Bambara,bm,bm,bam,bam,
Banyumasan,(Basa Banyumasan),map-bms,"en:Banyumasan language, de:Javanisch",,(jv),(map),(jav),
Baule,(Baoul√©),bci,de:Baul
Baschkirisch,–ë–∞—à“°–æ—Ä—Ç (5),ba,de:Baschkirische Sprache,,ba,bak,bak,
Baskisch,Euskara (216),eu,de:Baskische Sprache,eu,eu,baq/eus,eus,Index
Bengalisch,‡¶¨‡¶æ‡¶Ç‡¶≤‡¶æ (66),bn,de:Bengali,bn,bn,ben,ben,
Berbersprachen,n.n.,ber,de:Berbersprachen,,,ber,-,
Bihari,- ‡§≠‡•ã‡§ú‡§™‡•Å‡§∞‡•Ä - ‚Ä†,bh,de:Bihari,bh,bh,bih,bih,
Birmanisch (Burmesisch),Myanmasa (265),my,de:Birmanische Sprache,my,my,mya,mya,
Bislama,- Bislama - ‚Ä†,bi,de:Bislama,bi,bi,bis,bis,
Bosnisch,Bosanski (311),bs,de:Bosnische Sprache,,bs,bos,bos,Index
Bretonisch,Brezhoneg (11.426),br,de:Bretonische Sprache,br,br,bre,bre,Index
Buginesisch,(·®Ö·®î ·®ï·®ò·®Å·®ó),bug,en:Buginese language,,,bug,bug,
Bulgarisch,–ë—ä–ª–≥–∞—Ä—Å–∫–∏ (25.511),bg,de:Bulgarische Sprache,bg,bg,bul,bul,Index
Cal√≥,,,"en:Cal√≥, de:Kal√©",,,(roa),rmr,
Cebuano,(Cebuano),ceb,de:Cebuano,,,ceb,ceb,
Chakassisch,(Xakas√ßa),kjh,de:Chakassische Sprache,,,(tut),kjh,Index
Chamorro,- Chamoru - ‚Ä†,ch,de:Chamorro,,ch,cha,cha,
Cherokee,·è£·é≥·é© (286),chr,"de:Cherokee-Alphabet, en:Cherokee language",,,chr,chr,
Cheyenne,(Tsets√™hest√¢hese),chy,"en:Cheyenne language, de:Cheyenne (Volk)",,,chy,chy,
Chichewa,(Chi-Chewa),ny,de:Chichewa,,ny,nya,nya,
Chinesisch,‰∏≠Êñá (292.601),zh,de:Chinesische Sprache,zh,zh,zho,zho,Index
Choctaw,(Choctaw),cho,"en:Choctaw language, de:Choctaw (Volk)",,,cho,cho,
Cree,- Nehiyaw / ·ìÄ·ê¶·êÉ·î≠·ê§ - ‚Ä†,cr,de:Cree (Sprache),,cr,cre,cre,
D√§nisch,Dansk (5652),da,de:D√§nische Sprache,da,da,dan,,Index
Dari,(ÿØÿ±Ÿâ),,de:Dari,dr,fa-AF,(per/fas),gbzprd,
Dendi,,,ddn (Benin): de:Songhai-Sprachen,dn,,(son),ddndeq,
Deutsch,Deutsch (1.044.421),de,de:Deutsche Sprache,de,de,ger/deu,deu,Index
Dhivehi (Maledivisch),ﬁãﬁ®ﬁàﬁ¨ﬁÄﬁ®ﬁÑﬁ¶ﬁêﬁ∞ ‚Äé(68),dv,de:Dhivehi,di,dv,div,div,
Dogon,,dog (in fr:),de:Dogon (Sprache),,,,(10!),
Dzongkha,- ‡Ωá‡Ωº‡ΩÑ‡ºã‡ΩÅ - ‚Ä†,dz,de:Dzongkha,dz,dz,dzo,dzo,
Ekspreso,(Ekspreso),eso,eo:Ekspreso (planlingvo) (nach ISO 639-3 steht eso f√ºr die estnische Geb√§rdensprache),,,(art),-,
Els√§ssisch (Alemannisch),Els√§sserditsch (Alemannisch) ‚Ä†,als,"de:Els√§sserdeutsch, de:Alemannische Dialekte (nach ISO 639-3 steht als f√ºr Tosk-Albanisch)",,de-Fde-CH,gsw?,gswswgwaegct,Index
Englisch,English (2.037.550),en,de:Englische Sprache,en,en,eng,eng,Index
Esperanto,Esperanto (3348),eo,de:Esperanto,ep,eo,epo,epo,Index
Ersjanisch,(—ç—Ä–∑—è–Ω—å),,de:Ersjanische Sprache,,,myv,myv,
Estnisch,Eesti (41.455),et,de:Estnische Sprache,et,et,est,est,Index
Ewe,(∆ê ã…õ),ee,de:Ewe,ew,ee,ewe,ewe,
F√§r√∂isch,F√∏royskt (317),fo,de:F√§r√∂ische Sprache,fo,fo,fao,fao,Index
Farsi/Persisch,ŸÅÿßÿ±ÿ≥€å ‚Äé(14.465),fa,de:Persische Sprache,fa,fa,per/fas,fas,Index
Fidschianisch,Na Vosa Vakaviti (14),fj,de:Fidschi (Sprache),fj,fj,fij,fij,
Finnisch,Suomi (104.351),fi,de:Finnische Sprache,fi,fi,fin,fin,Index
Fong,,,siehe Diskussion,fn,,,,
"Fl√§misch, West-",(West-Vlaoms),vls,de:Fl√§mische Sprache,,,(gem),vls,
Franz√∂sisch,Fran√ßais (1.147.194),fr,de:Franz√∂sische Sprache,fr,fr,fre/fra,fra,Index
Friaulisch (Furlanisch),(Furlan),fur,de:Furlanische Sprache,,,fur,fur,Index
FriesischWestfriesischNordfriesischSaterfriesisch,-Frysk (9554)--,-fy--,de:Friesische Sprachen de:Westfriesische Sprache de:Nordfriesische Sprache de:Saterfriesische Sprache,fy,fy,fry,fryfrrstq,IndexIndexIndex
Fulfulde,(Fulfulde),ff,de:Fulfulde,,ff,ful,ful,
Galicisch,Galego (25.886),gl,de:Galicische Sprache,gl,gl,glg,glg,
"G√§lisch, irisch",Gaeilge (1347),ga,de:Irische Sprache,ga,ga,gle,gle,Index
G√§lisch-Schottisch,G√†idhlig (138),gd,de:Schottisch-G√§lische Sprache,,gd,gla,gla,Index
Gayo,(Gayo),gay,en:Gayo language,,,gay,gay,
Georgisch,·É•·Éê·É†·Éó·É£·Éö·Éò (329),ka,de:Georgische Sprache,ka,ka,geo/kat,kat,Index
Kikuyu (Gikuyu),(Gƒ©k≈©y≈©),ki,de:Kikuyu,,ki,kik,kik,
Gotisch,(êå≤êåøêçÑêåπêçÉêå∫),got,de:Gotische Sprache,gt,,got,got,Index
Griechisch Altgriechisch Neugriechisch,ŒïŒªŒªŒ∑ŒΩŒπŒ∫Œ¨ (118.858),el,de:Griechische Sprachede:Altgriechische Sprachede:Neugriechische Sprache,el,el,grcgre/ell,grcell,Index   Index Index
Gr√∂nl√§ndisch (Kalaallisut) vgl. Inuktitut,Kalaallisut (1027),kl,de:Kalaallisut,,kl,kal,kal,
Guanche,,gnc,de:Guanche,,,,gnc,Index
Guaran√≠,Ava√±e'·∫Ω (1692),gn,de:Guaran√≠ (Sprache),gn,gn,grn,grn,
Gujarati,‡™ó‡´Å‡™ú‡™∞‡™æ‡™§‡´Ä (460),gu,de:Gujarati,gu,gu,guj,guj,Index
Haitianisch,(Kr√®yol ayisyen),ht,de:Haitianische Sprache,,ht,hat,hat,Index
Haryanvi,,bgc,en:Haryanvi,,,,bgc,
Hausa,ŸáŸéŸàŸèÿ≥Ÿé ‚Äé(60),ha,de:Hausa (Sprache),ha,ha,hau,hau,Index
Hawaiianisch,(Hawai ªi),haw,de:Hawaiianische Sprache,,,haw,haw,Index
Hebr√§isch,◊¢◊ë◊®◊ô◊™ ‚Äé(10892),he,de:Hebr√§ische Sprache,iw,he,heb,heb,Index
Herero,(Otsiherero),hz,de:Herero (Sprache),,hz,her,her,
Hindi,‡§π‡§ø‡§®‡•ç‡§¶‡•Ä (2162),hi,de:Hindi,hi,hi,hin,hin,Index
Hiri-Motu,(Hiri Motu),ho,de:Hiri Motu,,ho,hmo,hmo,
Iban,n.n.,iba,de:Iban,,,iba,iba,
Igbo (Ibo),(Igbo),ig,de:Igbo,ib,ig,ibo,ibo,
Ido,Ido (144.932),io,de:Ido,,io,ido,ido,Index
Ilokano,(Ilokano),ilo,de:Ilokano,,,ilo,ilo,
Indogermanisch,-,-,de:Indogermanische Ursprache,-,-,(ine),-,Index
Indonesisch,Bahasa Indonesia (34.521),id,de:Malaiische und indonesische Sprache,in,id,ind,ind,Index
Inguschisch,(–ì–Ü–∞–ª–≥–Ü–∞–π - ƒûalƒüaj),,de:Inguschische Sprache,,,inh,inh,
Interlingua,Interlingua (1626),ia,de:Interlingua,,ia,ina,ina,
Interlingue (Occidental),Interlingue (182),ie,de:Interlingue,,ie,ile,ile,
"Inuktitut (Kanada, vgl. Gr√∂nl√§ndisch)",·êÉ·ìÑ·íÉ·ëé·ëê·ë¶ (86),iu,de:Inuktitut,,iu,iku,iku,Index
Inupiak (Alaska),I√±upiak (14),ik,de:Inupiaq,,ik,ipk,ipk,Index
Irisch,Gaeilge (1347),ga,de:Irische Sprache,ga,ga,gle,gle,Index
isiNdebele (Nord-Ndebele),(isiNdebele),,de:IsiNdebele,nd,nd,nde,nde,Index
isiZulu (Zulu),isiZulu (124),zu,de:isiZulu,zu,zu,zul,zul,Index
Isl√§ndisch,√çslenska (14.536),is,de:Isl√§ndische Sprache,is,is,ice/isl,isl,Index
Italienisch,Italiano (98.412),it,de:Italienische Sprache,it,it,ita,ita,Index
Japanisch,Êó•Êú¨Ë™û (34.529),ja,de:Japanische Sprache,ja,ja,jpn,jpn,Index
Javanisch,Basa Jawa (69),jv,de:Javanische Sprache,jw,jv,jav,jav,
Jiddisch,◊ô◊ô÷¥◊ì◊ô◊© ‚Äé(174),yi,de:Jiddisch,ji,yi,yid,yid,
Kalm√ºckisch,(–•–∞–ª—å–º–≥),xal,de:Kalm√ºckische Sprache,,,xal,xal,
Kambodschanisch (Khmer),·ûó·û∂·ûü·û∂·ûÅ·üí·ûò·üÇ·ûö (356),km,de:Khmer-Sprache,km,km,khm,khm,
Kannada (Kanaresisch),‡≤ï‡≤®‡≥ç‡≤®‡≤° (242),kn,de:Kannada,kn,kn,kan,kan,Index
Kantonesisch,(Á≤µË™û),zh-yue,de:Kantonesisch,,,(zho),yue,
Kanuri,(Kanuri),kr,de:Kanuri (Sprache),,kr,kau,kau,
Kapampangan,(Pampangan),pam,de:Kapampangan,,,pam,pam,
Karelisch,(karjala),krl,de:Karelische Sprache,,,(fiu),krl,
Kasachisch,“õ–∞–∑–∞“õ—à–∞ (3442),kk,de:Kasachische Sprache,kk,kk,kaz,kaz,
Kaschmirisch,‡§ï‡§∂‡•ç‡§Æ‡•Ä‡§∞‡•Ä - ŸÉÿ¥ŸÖŸäÿ±Ÿä ‚Äé(16),ks,de:Kaschmiri,ks,ks,kas,kas,
Kaschubisch,Kasz√´bsczi (1391),csb,de:Kaschubische Sprache,,,csb,csb,
Katalanisch,Catal√† (8833),ca,de:Katalanische Sprache,ca,ca,cat,cat,Index
Kawi,n.n.,kaw,en:Kawi language,,,kaw,kaw,
Kikuyu,(Gƒ©k≈©y≈©),ki,de:Kikuyu,,ki,kik,kik,
Kinyarwanda (Ruandisch),Kinyarwanda (304),rw,de:Kinyarwanda,rw,rw,kin,kin,
Kirgisisch,Kƒ±rgƒ±zca (961),ky,de:Kirgisische Sprache,ky,ky,kir,kir,
Kiribatisch,(kiribati),,de:Kiribatische Sprache,,,gil,gil,
Kirundi (Rundisch),- Kirundi - ‚Ä†,rn,de:Kirundi,rn,rn,run,run,
Klingonisch,- tlhIngan Hol - (0),tlh,de:Klingonische Sprache,,,tlh,tlh,
Komi,(–ö–æ–º–∏),kv,de:Komi (Sprache),,kv,kom,kom,
Kongo,(Kongo),kg,de:Kongo (Sprache)?,,kg,kon,kon,
Konkani,(‡§ï‡•ã‡§Ç‡§ï‡§£‡•Ä),kok,de:Konkani,,,kok,kok,
Koreanisch,ÌïúÍµ≠Ïñ¥ (56.664),ko,de:Koreanische Sprache,ko,ko,kor,kor,Index
Kornisch,Kernewek/Karnuack (46),kw,de:Kornische Sprache,,kw,cor,cor,
Korsisch,Corsu (1581),co,de:Korsische Sprache,co,co,cos,cos,Index
Kosraeanisch,,,de:Kosraeanische Sprache,,,kos,kos,
Krimtatarisch,(Qƒ±rƒ±mtatarca),crh,de:Krimtatarische Sprache,,,crh,crh,Index
Kroatisch,Hrvatski (2914),hr,de:Kroatische Sprache,,hr,scr/hrv,hrv,Index
Kuanyama,(Kuanyama),kj,"en:Kwanyama, de:Oshivambo",,kj,kua,kua,
Kum√ºkisch,(Qumuq√ßa),kum,de:Kumykische Sprache,kz,,kum,kum,Index
Kurdisch,Kurd√Æ / ŸÉŸàÿ±ÿØ€å ‚Äé(261007),ku,de:Kurdische Sprache,ku,ku,kur,kur,Index
Ladinisch,(Ladin),lld,de:Ladinische Sprache,,,(roa),lld,
"Ladino (Sephardisch, Judenspanisch)",(Ladino),lad,"Ladino, de:Ladino",,,lad,lad,
Laotisch,‡∫•‡∫≤‡∫ß (8694),lo,de:Laotische Sprache,lo,lo,lao,lao,
Lasisch,,lzz (incubator),de:Lasische Sprache,,,cau,lzz,
Latein,Latina (5880),la,de:Latein,la,la,lat,lat,Index
Latino sine flexione,,ls,de:Latino sine flexione,,,(art),-,
Lettisch,Latvie≈°u (195),lv,de:Lettische Sprache,lv,lv,lav,lav,Index
Ligurisch,(L√≠guru),lij,en:Ligurian language (Romance),,,(roa),lij,
Limburgisch,Limburgs (17.546),li,de:Limburgisch,,li,lim,lim,
Lingala,Lingala (12),ln,"de:Bantusprachen, de:Lingala",ln,ln,lin,lin,
Litauisch,Lietuvi≈≥ (93.143),lt,de:Litauische Sprache,lt,lt,lit,lit,Index
Livisch,(lƒ´v√µ kƒìƒº),lt,de:Livische Sprache,,,(fiu),liv,
Lojban,Lojban (29),jbo,de:Lojban,,,jbo,jbo,
Lombardisch,(Lumbaart),lmo,de:Lombardische Sprache,,,(roa),lmo,
Luganda (Ganda),(Luganda),lg,de:Luganda,,lg,lug,lug,
Luxemburgisch,L√´tzebuergesch (17),lb,de:Luxemburgische Sprache,,lb,ltz,ltz,
Madagassisch (Malagassi),Malagasy (1194737 ),mg,de:Malagasy,mg,mg,mlg,mlg,
Maduresisch,n.n.,mad,en:Madurese language,,,mad,mad,
Makassar,Makasar,mak,de:Makassar-Sprache,,,mak,mak,
Malaiisch (Malaysisch),Bahasa Melayu (1185),ms,de:Malaiische und indonesische Sprache,ms,ms,msa,msa,
Malayalam,‡¥Æ‡¥≤‡¥Ø‡¥æ‡¥≥‡¥Ç (3100),ml,de:Malayalam,ml,ml,mal,mal,
Maltesisch,bil-Malti (81),mt,de:Maltesische Sprache,mt,mt,mlt,mlt,Index
Mansisch,(–º–æ–∞–Ω—å—Å—å - moa≈Ñ≈õ),,de:Mansische Sprache,,,(fiu),mns,
Manx,Gaelg (55),gv,de:Manx (Sprache),,gv,glv,glv,Index
Maorisch,MƒÅori (77),mi,de:Maori,mi,mi,mri,mri,
Mapudungun,,(arn)?,de:Mapudungun,,,arn,arn,Index
Marathi,‡§Æ‡§∞‡§æ‡§†‡•Ä (262),mr,de:Marathi,mr,mr,mar,mar,Index
Mari,n.n.,chm,de:Mari (Sprache),,,chm,chm,
Marokkanisch,ÿßŸÑŸÑÿ∫ÿ© ÿßŸÑŸÖÿ∫ÿ±ÿ®Ÿäÿ©,,,,ar-MA,(sem),ary,
Marquesanisch,n.n.,,en:Marquesan language,,,,mrqmqm
Marshallesisch (Ebon),Ebon ‚Ä†,mh,de:Marshallesische Sprache,,mh,mah,mah,
Mazedonisch,–ú–∞–∫–µ–¥–æ–Ω—Å–∫–∏ (636),mk,de:Mazedonische Sprache,mk,mk,mkd,mkd,Index
Minangkabau,n.n.,min,en:Minangkabau language,,,min,min,
Min Nan,B√¢n-l√¢m-g√∫ (5919),zh-min-nan,de:Min Nan,,,(zho),nan,
Mittelhochdeutsch,(diutisch),gmh,de:Mittelhochdeutsch,,,gmh,gmh,Index
Mokschanisch,(–º–æ–∫—à–µ–Ω—å),,de:Mokschanische Sprache,,,mdf,mdf,
Mohawk,(Kanien'keha),moh,de:Mohawk (Sprache),,,moh,moh,
Mongolisch,–ú–æ–Ω–≥–æ–ª (179),mn,de:Mongolische Sprachen,mn,mn,mon,mon,Index
Muskogisch (Creek),(Muscogee),mus,de:Muskogee-Sprachen,,,mus,mus,
Nahuatl (Aztekisch),Nahuatl (179),nah,de:Nahuatl,,,nah,nah,Index
Nama,,,de:Nama (Sprache),,,(khi),naq,
Nauruisch,dorerin Naoero (40),na,de:Nauruische Sprache,na,na,nau,nau,Index
Navajo,(Din√© bizaad),nv,de:Navajo (Sprache),,nv,nav,nav,
Neapolitanisch,(Nnapulitano),nap,de:Neapolitanisch,,,nap,nap,
Nepalesisch,‡§®‡•á‡§™‡§æ‡§≤‡•Ä (30),ne,de:Nepali,ne,ne,nep,nep,
Niederl√§ndisch (Holl√§ndisch),Nederlands (42.080),nl,de:Niederl√§ndische Sprache,nl,nl,dut/nld,nld,Index
Niueanisch,(ko e vagahau Niuƒì),niu,de:Niueanische Sprache,,,niu,niu,Index
Plattdeutsch (Niederdeutsch),Plattd√º√ºtsch (1023),nds,de:Niederdeutsche Sprache,,,nds,nds,Index
"Nieders√§chsisch, West-",(Nedersaksisch),nds-nl,de:Nieders√§chsisch,,,nds-NL,nds,
Niedersorbisch,(Dolnoserbski/Dolnoserb≈°ƒáina),dsb,de:Niedersorbische Sprache,,,dsb,dsb,Index
Nordsamisch,(S√°megiella),se,de:Nordsamische Sprache,,se,sme,sme,Index
Nord-Sotho,(1383),nso,de:Nord-Sotho,,,nso,nso,Index
Norfolk-Pitcairn,(Norfuk / Pitkern),pih,de:Pitcairn-Englisch,,,(cpe),pih,
Normannisch,(Nouormand),roa-nor/xno/fra-nor,en:Norman Language,,,(roa),xno,
Norwegisch,,,de:Norwegische Sprache,no,no,nor,nor,Index
Norwegisch Bokm√•l,Norsk (Bokm√•l) (16.393),no,,,nb,nob,nob,
Norwegisch Nynorsk,Nynorsk (101),nn,,,nn,nno,nno,
Novial,(Novial),nov,de:Novial,,,(art),nov,Index
Nyanja,(Chi-Chewa),ny,de:Chichewa,,ny,nya,nya,
Obersorbisch,Hornjoserb≈°ƒáina/Hornjoserbsce  (3295),hsb,de:Obersorbische Sprache,,,hsb,hsb,Index
Ojibwe,(·êä·ìÇ·îë·ìà·êØ·íß·êé·ìê),,en:Ojibwe language,,oj,oji,oji,
Okzitanisch,Occitan (7798),oc,de:Okzitanische Sprache,oc,oc,oci,oci,Index
Oriya,- ‡¨ì‡¨°‡¨º‡¨ø‡¨Ü - ‚Ä†,or,de:Oriya,or,or,ori,ori,
Oromo,Oromoo (124),om,de:Oromo,om,om,orm,orm,
Ossetisch,(–ò—Ä–æ–Ω–∞—É),os,de:Ossetische Sprache,,os,oss,oss,
"Oshivambo (Owambo, Ndonga)",(Oshiwambo),ng,de:Oshivambo,,ng,ndo,ndo,
Pali,- ‡§™‡§æ‡§ø‡§¥ - ‚Ä†,pi,de:Pali,pi,pi,pli,pli,
"Pandschabi (Panjabi, Punjabi)",‡®™‡©∞‡®ú‡®æ‡®¨‡©Ä (121),pa,de:Panjabi,pa,pa,pan,pan,Index
Papiamentu,(Papiamentu),pap,de:Papiamentu,,,pap,pap,Index
Paschtu,Ÿæ⁄öÿ™Ÿà ‚Äé(74),ps,de:Paschtu,ps,ps,pus,pus,
Pennsylvaniadeutsch,(Deitsch),pdc,de:Pennsylvania Dutch,,,(ger/deu),pdc,
Persisch,ŸÅÿßÿ±ÿ≥€å ‚Äé(14.465),fa,de:Persische Sprache,fa,fa,per/fas,fas,Index
Peul,(Fulfulde),ff,de:Fulfulde,,ff,ful,ful,
Pijin (Neu-Salomonisch),(Pijin),,de:Pijin,,,(cpe),pis,
Piemontisch,(Piemont√®is),pms,de:Piemontesischer Dialekt,,,(roa),pms,
Pitcairn-Norfolk,(Norfuk / Pitkern),pih,de:Pitcairn-Englisch,,,(cpe),pih,
Polabisch,,pox,de:Polabische Sprache,pox,pox,pox,pox,Index
Polnisch,Polski (111.414),pl,de:Polnische Sprache,pl,pl,pol,pol,Index
Portugiesisch,Portugu√™s (164.251),pt,de:Portugiesische Sprache,pt,pt,por,por,Index
Pru√üisch,(prusiska billa),,de:Altpreu√üische Sprache,,,(bat),prg,Index
Quechua (Ketschua),Runa Simi (329),qu,de:Quechua,qu,qu,que,que,Index
Radschasthani,(‡§∞‡§æ‡§ú‡§∏‡•ç‡§•‡§æ‡§®‡•Ä),ra,de:Rajasthani,ra,,raj,raj,
R√§toromanisch,- Rumantsch - ‚Ä†,rm,de:B√ºndnerromanisch,rm,rm,roh,roh,Index
Rapanui,,(rap)?,de:Rapanui,,,rap,rap,Index
"Romani, Walachisch-",(Romani),rmy,de:Romani,,,(rom),rmy,
Romanica,,ra ??,de:Romanica,,,(art),-,
Rum√§nisch,Rom√¢nƒÉ (24.774),ro,de:Rum√§nische Sprache,ro,ro,rum/ron,ron,Index
Rusinisch,(–†—É—Å–∏–Ω—Å–∫–∏–π),,de:Ruthenische Sprache,rs,,(sla),rue,
Russisch,–†—É—Å—Å–∫–∏–π (187.866),ru,de:Russische Sprache,ru,ru,rus,rus,Index
Sami siehe auch: Nord-Sami,,smi*,de:Samische Sprachen,,,smi,(11),
Samoanisch,Gagana Samoa (8),sm,de:Samoanische Sprache,sm,sm,smo,smo,Index
Sango,S√§ng√∂ (19),sg,de:Sangho,sg,sg,sag,sag,
Sanskrit,‡§∏‡§Ç‡§∏‡•ç‡§ï‡•É‡§§‡§Æ‡•ç (42),sa,de:Sanskrit,sa,sa,san,san,
Sardisch  (Galluresisch / Sassaresisch)  (Logudoresisch / Nuoresisch)  (Campidanesisch),Sardu (1),sc,de:Sardische Sprache,,sc,srd,srd,Index
Savoyard siehe Arpitanisch,(patou√®s),sav,en:Savoyard (nach ISO 639-3 steht sav f√ºr Saafi-Saafi),,,(roa),frp,
Schemaitisch,(≈Ωemaitƒó≈°ka),bat-smg,de:Schemaitisch,,(lt),(bat),(lit),
Schottisch-G√§lisch,G√†idhlig (138),gd,de:Schottisch-G√§lische Sprache,,gd,gla,gla,Index
"Schottisch, Lowland-",(Scots),sco,de:Scots,,,sco,sco,
Schwedisch,Svenska (86.881),sv,de:Schwedische Sprache,sv,sv,swe,swe,Index
Scots,(Scots),sco,de:Scots,,,sco,sco,
Serbisch,–°—Ä–ø—Å–∫–∏ / Srpski (14.814),sr,de:Serbische Sprache,,sr,scc/srp,srp,Index
Serbokroatisch,Srpskohrvatski / –°—Ä–ø—Å–∫–æ—Ö—Ä–≤–∞—Ç—Å–∫–∏ (42),sh,de:Serbokroatische Sprache,sh,sh,-,hbs,
Seselwa Seselwa (Seychellenkreol),(seselwa),,de:Seselwa,,,(cpf),crs,
Sesotho (S√ºd-Sotho),seSotho (1383),st,de:S√ºd-Sotho,st,st,sot,sot,
Shona,- chiShona - ‚Ä†,sn,de:Shona,sn,sn,sna,sna,
Sindarin,(ÓÄúÓÄ•ÓÄÑÓÅåÓÄ≤ÓÄòÓÄ•ÓÄî),,de:Sprachen und Schriften aus Mittelerde,,,(art),sjn,
Sindhi,- ÿ≥ŸÜ⁄åŸäÿå ÿ≥ŸÜÿØ⁄æ€å ÿå ‡§∏‡§ø‡§®‡•ç‡§ß - ‚Äé(828),sd,de:Sindhi,sd,sd,snd,snd,
Singhalesisch,‡∑É‡∑í‡∂Ç‡∑Ñ‡∂Ω (100),si,de:Singhalesische Sprache,si,si,sin,sin,
siSwati (Swasi),SiSwati (46),ss,de:Siswati,ss,ss,ssw,ssw,Index
Sizilianisch,Sicilianu (12.373),scn,de:Sizilianische Sprache,,,scn,scn,
Slowakisch,Slovenƒçina (1402),sk,de:Slowakische Sprache,sk,sk,slo/slk,slk,Index
Slowenisch,Sloven≈°ƒçina (7104),sl,de:Slowenische Sprache,sl,sl,slv,slv,Index
Somalisch,Soomaaliga (66),so,de:Somali (Sprache),so,so,som,som,
Songhai,n.n.,son,de:Songhai-Sprachen,,,son,-,
Sorbisch siehe Nieder- und  Obersorbisch,‚Äì,,de:Sorbische Sprachen,,,wendsb/hsb,dsbhsb,
Spanisch,Espa√±ol (37.584),es,de:Spanische Sprache,es,es,spa,spa,Index
Sranan,,srn (in fr:),de:Sranan Tongo,,,(cpe),srn,
"Suaheli (Kisuaheli, Swahili)",Kiswahili (3329),sw,de:Swahili,sw,sw,swa,swa,Index
Sumerisch,,sux,de:Sumerische Sprache,,,sux,sux,Index
Sundanesisch,Basa Sunda (226),su,de:Sundanesische Sprache,su,su,sun,sun,
S√ºd-Ndebele (vgl. isiNdebele),,,de:S√ºd-Ndebele (Sprache),,nr,nbl,nbl,Index
Tadschikisch,–¢–æ“∑–∏–∫”£ (66),tg,de:Tadschikische Sprache,tg,tg,tgk,tgk,
Tagalog,Tagalog - ·úÜ·úÑ·úé·úì (503),tl,de:Tagalog,tl,tl,tgl,tgl,Index
Tahitianisch,(Reo MƒÅ`ohi),ty,de:Tahitianische Sprache,,ty,tah,tah,
Taiwanisch/Min Nan,B√¢n-l√¢m-g√∫ (5919),zh-min-nan,de:Taiwanische Sprache,,,(zho),nan,
Tamascheq,(‚µú‚¥∞‚µé‚¥∞‚µõ‚µá) ‚Äé,,de:Tamascheq,,,tmh,tmh,
Tamazight,,,de:Tamazight (tzm),,,(ber),tiatjotzm,
Tamil (Tamilisch),‡Æ§‡ÆÆ‡Æø‡Æ¥‡Øç (102.543),ta,de:Tamil,ta,ta,tam,tam,
Taroko,,,en:Truku,,,(map),trv,
Tatarisch,Tatar√ßa / –¢–∞—Ç–∞—Ä—á–∞ (6594),tt,de:Tatarische Sprache,tt,tt,tat,tat,Index
Telugu,‡∞§‡±Ü‡∞≤‡±Å‡∞ó‡±Å (34517),te,de:Telugu,te,te,tel,tel,Index
Tetum,(Tetun),tet,de:Tetum,,,tet,tet,
Thail√§ndisch,‡πÑ‡∏ó‡∏¢ (6427),th,de:Thail√§ndische Sprache,th,th,tha,tha,Index
Tibetisch,- ‡Ωñ‡Ωº‡Ωë‡ºã‡Ω°‡Ω≤‡ΩÇ -  ‚Ä†,bo,de:Tibetische Sprache,bo,bo,bod,bod,
Tigrinya,·âµ·åç·à≠·äõ (520),ti,de:Tigrinya,ti,ti,tir,tir,
Tok Pisin,Tok Pisin (69),tpi,de:Tok Pisin,,,tpi,tpi,Index
Toki Pona,- Toki Pona - ‚Ä†,tok,de:Toki Pona,,,(art),tok,Index
Tongaisch,- faka Tonga - ‚Ä†,to,de:Tongaische Sprache,to,to,ton,ton,
Tschechisch,ƒåe≈°tina (6091),cs,de:Tschechische Sprache,cs,cs,cze/ces,ces,Index
Tscherkessisch,(–ê–¥—ã–≥—ç),,de:Tscherkessische Sprachen,ce,,"ady, kbd",adykbd,
Tschetschenisch,(–ù–æ—Ö—á–∏–π–Ω),ce,de:Tschetschenische Sprache,,ce,che,che,
Tschuwaschisch,(–ß”ë–≤–∞—à),cv,de:Tschuwaschische Sprache,,cv,chv,chv,
Tshivenda,(Tshivenda),ve,de:Tshivenda,ve,ve,ven,ven,
Tswana (Setswana),Setswana (22),tn,de:Setswana,tn,tn,tsn,tsn,
Tuareg,(‚µú‚¥∞‚µé‚¥∞‚µõ‚µá) ‚Äé,,de:Tuareg,,,tmh,tmh,
Tumbuka,(chiTumbuka),tum,de:Tumbuka (Sprache),,,tum,tum,
Tupi,,,"en:L√≠ngua Geral (Paulista), de:Tupi",,,(tup),tpw,
T√ºrkisch,T√ºrk√ße (252387),tr,de:T√ºrkische Sprache,tr,tr,tur,tur,Index
Turkmenisch,ÿ™ÿ±ŸÉŸÖŸÜ / –¢—É—Ä–∫–º–µ–Ω (162),tk,de:Turkmenische Sprache,tk,tk,tuk,tuk,Index
Tuwinisch,(–¢—ã–≤–∞ –¥—ã–ª),,de:Tuwinische Sprache,,,tyv,tyv,
Twi,- Twi - ‚Ä†,tw,de:Twi (Sprache),tw,tw,twi,twi,
Udmurtisch,(—É–¥–º—É—Ä—Ç),udm,de:Udmurtische Sprache,,,udm,udm,
Uigurisch,Oyghurque (825),ug,de:Uigurische Sprache,,ug,uig,uig,
Ukrainisch,–£–∫—Ä–∞—ó–Ω—Å—å–∫–∞ (8296),uk,de:Ukrainische Sprache,uk,uk,ukr,ukr,Index
Ungarisch,Magyar (95.466),hu,de:Ungarische Sprache,hu,hu,hun,hun,Index
Urdu,ÿßÿ±ÿØŸà ‚Äé(3527),ur,de:Urdu,ur,ur,urd,urd,Index
Urgermanisch,-,-,de:Urgermanische Sprache,-,-,(gem),-,Index
Urindoeurop√§isch,-,-,de:Indogermanische Ursprache,-,-,(ine),-,Index
Usbekisch,O‚Äòzbek (28),uz,de:Usbekische Sprache,uz,uz,uzb,uzb,
Venetisch (ausgestorben),,,de:Venetische Sprache,,,ine,xve,Index
Venezianisch (auch: Venetisch) (heute noch gesprochen),(V√®neto),vec,de:Venetische Sprache (Romanisch),,,roa,vec,Index
Vietnamesisch,Ti·∫øng Vi·ªát (228.149),vi,de:Vietnamesische Sprache,vi,vi,vie,vie,Index
Vlax-(Walachisch)-Romani,(Romani),rmy,"de:Romani, en:Vlax Romani language",,,(rom),rmy,
Volap√ºk,Volap√ºk (23.173),vo,de:Volap√ºk,,vo,vol,vol,Index
V√µro,(V√µro),fiu-vro,de:V√µro,,,(fiu),-,
Walisisch (Kymrisch),Cymraeg (355),cy,de:Walisische Sprache,cy,cy,wel/cym,cym,Index
Wallonisch,Walon (1),wa,de:Wallonische Sprache,,wa,wln,wln,
Waray,(Samar-Leyte Visayan),war,de:Waray-Waray,,,war,war,
Wei√ürussisch (Belarussisch),–ë–µ–ª–∞—Ä—É—Å–∫–∞—è (162),be,de:Wei√ürussische Sprache,be,be,bel,bel,Index
Wepsisch,(veps√§n),,de:Wepsische Sprache,,,(fiu),vep,
Wolof,Wollof (786),wo,de:Wolof,wo,wo,wol,wol,
Wotisch,(Vad‚Äôd‚Äôa t≈°eeli),,de:Wotische Sprache,,,(fiu),vot,
Xhosa (isiXhosa),- isiXhosa - ‚Ä†,xh,de:IsiXhosa,xh,xh,xho,xho,
Xitsonga (Tsonga),Xitsonga (347),ts,de:Xitsonga,ts,ts,tso,tso,
Yi,(ÍÜáÍâô),ii,"en:Yi language, de:Yi",,ii,iii,iii,
Yoruba (Joruba),- Yor√πb√° - ‚Ä†,yo,de:Yoruba,yo,yo,yor,yor,
Zhuang,Cuengh (7),za,de:Zhuang,,za,zha,zha,
